{
  "folds": 5,
  "metrics": {
    "fit_time": {
      "mean": 0.0032245635986328123,
      "std": 0.0001417188111459653,
      "per_fold": [
        0.0032439231872558594,
        0.0032699108123779297,
        0.003455638885498047,
        0.003056049346923828,
        0.0030972957611083984
      ]
    },
    "score_time": {
      "mean": 0.0030578136444091796,
      "std": 0.00017103754708497232,
      "per_fold": [
        0.0031478404998779297,
        0.002873659133911133,
        0.0033452510833740234,
        0.002999544143676758,
        0.0029227733612060547
      ]
    },
    "test_accuracy": {
      "mean": 0.9806862288464524,
      "std": 0.006539441283506109,
      "per_fold": [
        0.9824561403508771,
        0.9824561403508771,
        0.9736842105263158,
        0.9736842105263158,
        0.9911504424778761
      ]
    },
    "test_roc_auc": {
      "mean": 0.9951873601644319,
      "std": 0.004026487181939362,
      "per_fold": [
        0.99475925319358,
        0.9967245332459875,
        0.9970238095238094,
        0.9877645502645502,
        0.999664654594232
      ]
    },
    "test_average_precision": {
      "mean": 0.9967022340313256,
      "std": 0.003173497363206944,
      "per_fold": [
        0.9967805706052434,
        0.9980063839972542,
        0.9982657801001878,
        0.9906540536073074,
        0.9998043818466353
      ]
    }
  }
}