{
  "created_at_utc": "2025-12-14T18:09:29+00:00",
  "dataset": "sklearn.datasets.load_breast_cancer",
  "model": "LogisticRegression + StandardScaler (sklearn Pipeline)",
  "params": {
    "test_size": 0.2,
    "random_state": 42,
    "max_iter": 2000
  },
  "metrics": {
    "accuracy": 0.9824561403508771,
    "balanced_accuracy": 0.9811507936507937,
    "precision": 0.9861111111111112,
    "recall": 0.9861111111111112,
    "f1": 0.9861111111111112,
    "confusion_matrix": [
      [
        41,
        1
      ],
      [
        1,
        71
      ]
    ],
    "classification_report": {
      "malignant": {
        "precision": 0.9761904761904762,
        "recall": 0.9761904761904762,
        "f1-score": 0.9761904761904762,
        "support": 42.0
      },
      "benign": {
        "precision": 0.9861111111111112,
        "recall": 0.9861111111111112,
        "f1-score": 0.9861111111111112,
        "support": 72.0
      },
      "accuracy": 0.9824561403508771,
      "macro avg": {
        "precision": 0.9811507936507937,
        "recall": 0.9811507936507937,
        "f1-score": 0.9811507936507937,
        "support": 114.0
      },
      "weighted avg": {
        "precision": 0.9824561403508771,
        "recall": 0.9824561403508771,
        "f1-score": 0.9824561403508771,
        "support": 114.0
      }
    },
    "roc_auc": 0.9953703703703703,
    "average_precision": 0.9970652078135953,
    "log_loss": 0.07774649384096737,
    "brier_loss": 0.021541277444042373,
    "roc_curve": {
      "fpr": [
        0.0,
        0.0,
        0.0,
        0.023809523809523808,
        0.023809523809523808,
        1.0
      ],
      "tpr": [
        0.0,
        0.013888888888888888,
        0.8055555555555556,
        0.8055555555555556,
        1.0,
        1.0
      ]
    },
    "pr_curve": {
      "precision": [
        0.631578947368421,
        0.6371681415929203,
        0.6428571428571429,
        0.6486486486486487,
        0.6545454545454545,
        0.6605504587155964,
        0.6666666666666666,
        0.6728971962616822,
        0.6792452830188679,
        0.6857142857142857,
        0.6923076923076923,
        0.6990291262135923,
        0.7058823529411765,
        0.7128712871287128,
        0.72,
        0.7272727272727273,
        0.7346938775510204,
        0.7422680412371134,
        0.75,
        0.7578947368421053,
        0.7659574468085106,
        0.7741935483870968,
        0.782608695652174,
        0.7912087912087912,
        0.8,
        0.8089887640449438,
        0.8181818181818182,
        0.8275862068965517,
        0.8372093023255814,
        0.8470588235294118,
        0.8571428571428571,
        0.8674698795180723,
        0.8780487804878049,
        0.8888888888888888,
        0.9,
        0.9113924050632911,
        0.9230769230769231,
        0.935064935064935,
        0.9473684210526315,
        0.96,
        0.972972972972973,
        0.9863013698630136,
        0.9861111111111112,
        0.9859154929577465,
        0.9857142857142858,
        0.9855072463768116,
        0.9852941176470589,
        0.9850746268656716,
        0.9848484848484849,
        0.9846153846153847,
        0.984375,
        0.9841269841269841,
        0.9838709677419355,
        0.9836065573770492,
        0.9833333333333333,
        0.9830508474576272,
        1.0,
        1.0,
        1.0,
        1.0,
        1.0,
        1.0,
        1.0,
        1.0,
        1.0,
        1.0,
        1.0,
        1.0,
        1.0,
        1.0,
        1.0,
        1.0,
        1.0,
        1.0,
        1.0,
        1.0,
        1.0,
        1.0,
        1.0,
        1.0,
        1.0,
        1.0,
        1.0,
        1.0,
        1.0,
        1.0,
        1.0,
        1.0,
        1.0,
        1.0,
        1.0,
        1.0,
        1.0,
        1.0,
        1.0,
        1.0,
        1.0,
        1.0,
        1.0,
        1.0,
        1.0,
        1.0,
        1.0,
        1.0,
        1.0,
        1.0,
        1.0,
        1.0,
        1.0,
        1.0,
        1.0,
        1.0,
        1.0,
        1.0,
        1.0
      ],
      "recall": [
        1.0,
        1.0,
        1.0,
        1.0,
        1.0,
        1.0,
        1.0,
        1.0,
        1.0,
        1.0,
        1.0,
        1.0,
        1.0,
        1.0,
        1.0,
        1.0,
        1.0,
        1.0,
        1.0,
        1.0,
        1.0,
        1.0,
        1.0,
        1.0,
        1.0,
        1.0,
        1.0,
        1.0,
        1.0,
        1.0,
        1.0,
        1.0,
        1.0,
        1.0,
        1.0,
        1.0,
        1.0,
        1.0,
        1.0,
        1.0,
        1.0,
        1.0,
        0.9861111111111112,
        0.9722222222222222,
        0.9583333333333334,
        0.9444444444444444,
        0.9305555555555556,
        0.9166666666666666,
        0.9027777777777778,
        0.8888888888888888,
        0.875,
        0.8611111111111112,
        0.8472222222222222,
        0.8333333333333334,
        0.8194444444444444,
        0.8055555555555556,
        0.8055555555555556,
        0.7916666666666666,
        0.7777777777777778,
        0.7638888888888888,
        0.75,
        0.7361111111111112,
        0.7222222222222222,
        0.7083333333333334,
        0.6944444444444444,
        0.6805555555555556,
        0.6666666666666666,
        0.6527777777777778,
        0.6388888888888888,
        0.625,
        0.6111111111111112,
        0.5972222222222222,
        0.5833333333333334,
        0.5694444444444444,
        0.5555555555555556,
        0.5416666666666666,
        0.5277777777777778,
        0.5138888888888888,
        0.5,
        0.4861111111111111,
        0.4722222222222222,
        0.4583333333333333,
        0.4444444444444444,
        0.4305555555555556,
        0.4166666666666667,
        0.4027777777777778,
        0.3888888888888889,
        0.375,
        0.3611111111111111,
        0.3472222222222222,
        0.3333333333333333,
        0.3194444444444444,
        0.3055555555555556,
        0.2916666666666667,
        0.2777777777777778,
        0.2638888888888889,
        0.25,
        0.2361111111111111,
        0.2222222222222222,
        0.20833333333333334,
        0.19444444444444445,
        0.18055555555555555,
        0.16666666666666666,
        0.1527777777777778,
        0.1388888888888889,
        0.125,
        0.1111111111111111,
        0.09722222222222222,
        0.08333333333333333,
        0.06944444444444445,
        0.05555555555555555,
        0.041666666666666664,
        0.027777777777777776,
        0.013888888888888888,
        0.0
      ]
    },
    "calibration_curve": {
      "prob_true": [
        0.0,
        0.0,
        0.5,
        1.0,
        1.0,
        1.0,
        1.0,
        0.9838709677419355
      ],
      "prob_pred": [
        0.002805375226264796,
        0.1617682061236473,
        0.3588710592240641,
        0.5390642584762934,
        0.6212626093643918,
        0.7072185022170239,
        0.8626934478517402,
        0.9832463240903977
      ]
    }
  },
  "target_mapping": {
    "0": "malignant",
    "1": "benign"
  }
}